index,bin,src_image,variant,min,max
0,input_0000.bin,0000.jpg,full,0,124
1,input_0001.bin,0000.jpg,crop,0,114
2,input_0002.bin,0001.jpg,full,3,114
3,input_0003.bin,0001.jpg,crop,114,114
4,input_0004.bin,0002.jpg,full,4,252
5,input_0005.bin,0002.jpg,crop,12,215
6,input_0006.bin,0003.jpg,full,0,250
7,input_0007.bin,0003.jpg,crop,4,249
8,input_0008.bin,0004.jpg,full,37,255
9,input_0009.bin,0004.jpg,crop,114,255
10,input_0010.bin,0005.jpg,full,5,205
11,input_0011.bin,0005.jpg,crop,11,253
12,input_0012.bin,0006.jpg,full,0,201
13,input_0013.bin,0006.jpg,crop,0,252
14,input_0014.bin,0007.jpg,full,6,164
15,input_0015.bin,0007.jpg,crop,8,225
16,input_0016.bin,0008.jpg,full,5,255
17,input_0017.bin,0008.jpg,crop,8,255
18,input_0018.bin,0009.jpg,full,0,128
19,input_0019.bin,0009.jpg,crop,2,131
20,input_0020.bin,0010.jpg,full,0,143
21,input_0021.bin,0010.jpg,crop,64,114
22,input_0022.bin,0011.jpg,full,7,143
23,input_0023.bin,0011.jpg,crop,42,124
24,input_0024.bin,0012.jpg,full,12,233
25,input_0025.bin,0012.jpg,crop,16,202
26,input_0026.bin,0013.jpg,full,0,198
27,input_0027.bin,0013.jpg,crop,9,223
28,input_0028.bin,0014.jpg,full,0,180
29,input_0029.bin,0014.jpg,crop,1,189
30,input_0030.bin,0015.jpg,full,1,209
31,input_0031.bin,0015.jpg,crop,0,203
32,input_0032.bin,0016.jpg,full,0,114
33,input_0033.bin,0016.jpg,crop,72,85
34,input_0034.bin,0017.jpg,full,0,114
35,input_0035.bin,0017.jpg,crop,0,224
36,input_0036.bin,0018.jpg,full,6,206
37,input_0037.bin,0018.jpg,crop,4,250
38,input_0038.bin,0019.jpg,full,0,114
39,input_0039.bin,0019.jpg,crop,0,42
40,input_0040.bin,0020.jpg,full,1,114
41,input_0041.bin,0020.jpg,crop,0,84
42,input_0042.bin,0021.jpg,full,6,228
43,input_0043.bin,0021.jpg,crop,4,148
44,input_0044.bin,0022.jpg,full,4,171
45,input_0045.bin,0022.jpg,crop,114,190
46,input_0046.bin,0023.jpg,full,13,255
47,input_0047.bin,0023.jpg,crop,11,211
48,input_0048.bin,0024.jpg,full,4,247
49,input_0049.bin,0024.jpg,crop,20,114
50,input_0050.bin,0025.jpg,full,3,254
51,input_0051.bin,0025.jpg,crop,1,229
52,input_0052.bin,0026.jpg,full,0,184
53,input_0053.bin,0026.jpg,crop,0,114
54,input_0054.bin,0027.jpg,full,4,114
55,input_0055.bin,0027.jpg,crop,12,114
56,input_0056.bin,0028.jpg,full,15,182
57,input_0057.bin,0028.jpg,crop,48,166
58,input_0058.bin,0029.jpg,full,2,114
59,input_0059.bin,0029.jpg,crop,4,114
60,input_0060.bin,0030.jpg,full,0,114
61,input_0061.bin,0030.jpg,crop,0,114
62,input_0062.bin,0031.jpg,full,4,235
63,input_0063.bin,0031.jpg,crop,4,182
64,input_0064.bin,0032.jpg,full,13,248
65,input_0065.bin,0032.jpg,crop,28,235
66,input_0066.bin,0033.jpg,full,0,122
67,input_0067.bin,0033.jpg,crop,5,114
68,input_0068.bin,0034.jpg,full,20,252
69,input_0069.bin,0034.jpg,crop,19,238
70,input_0070.bin,0035.jpg,full,0,179
71,input_0071.bin,0035.jpg,crop,104,161
72,input_0072.bin,0036.jpg,full,26,255
73,input_0073.bin,0036.jpg,crop,114,255
74,input_0074.bin,0037.jpg,full,0,114
75,input_0075.bin,0037.jpg,crop,4,73
76,input_0076.bin,0038.jpg,full,8,252
77,input_0077.bin,0038.jpg,crop,8,186
78,input_0078.bin,0039.jpg,full,2,254
79,input_0079.bin,0039.jpg,crop,0,216
80,input_0080.bin,0040.jpg,full,0,114
81,input_0081.bin,0040.jpg,crop,0,66
82,input_0082.bin,0041.jpg,full,0,184
83,input_0083.bin,0041.jpg,crop,3,158
84,input_0084.bin,0042.jpg,full,0,126
85,input_0085.bin,0042.jpg,crop,0,92
86,input_0086.bin,0043.jpg,full,4,208
87,input_0087.bin,0043.jpg,crop,11,237
88,input_0088.bin,0044.jpg,full,8,187
89,input_0089.bin,0044.jpg,crop,11,180
90,input_0090.bin,0045.jpg,full,4,160
91,input_0091.bin,0045.jpg,crop,7,148
92,input_0092.bin,0046.jpg,full,19,235
93,input_0093.bin,0046.jpg,crop,78,244
94,input_0094.bin,0047.jpg,full,0,174
95,input_0095.bin,0047.jpg,crop,0,140
96,input_0096.bin,0048.jpg,full,0,125
97,input_0097.bin,0048.jpg,crop,114,114
98,input_0098.bin,0049.jpg,full,0,114
99,input_0099.bin,0049.jpg,crop,1,117
100,input_0100.bin,0050.jpg,full,4,199
101,input_0101.bin,0050.jpg,crop,0,254
102,input_0102.bin,0051.jpg,full,6,214
103,input_0103.bin,0051.jpg,crop,8,224
104,input_0104.bin,0052.jpg,full,0,114
105,input_0105.bin,0052.jpg,crop,25,114
106,input_0106.bin,0053.jpg,full,4,238
107,input_0107.bin,0053.jpg,crop,2,204
108,input_0108.bin,0054.jpg,full,38,255
109,input_0109.bin,0054.jpg,crop,47,133
110,input_0110.bin,0055.jpg,full,0,226
111,input_0111.bin,0055.jpg,crop,0,240
112,input_0112.bin,0056.jpg,full,0,160
113,input_0113.bin,0056.jpg,crop,0,153
114,input_0114.bin,0057.jpg,full,2,183
115,input_0115.bin,0057.jpg,crop,1,241
116,input_0116.bin,0058.jpg,full,0,197
117,input_0117.bin,0058.jpg,crop,0,197
118,input_0118.bin,0059.jpg,full,1,208
119,input_0119.bin,0059.jpg,crop,0,250
120,input_0120.bin,0060.jpg,full,4,204
121,input_0121.bin,0060.jpg,crop,3,163
122,input_0122.bin,0061.jpg,full,12,218
123,input_0123.bin,0061.jpg,crop,8,67
124,input_0124.bin,0062.jpg,full,0,223
125,input_0125.bin,0062.jpg,crop,0,222
126,input_0126.bin,0063.jpg,full,4,194
127,input_0127.bin,0063.jpg,crop,4,215
128,input_0128.bin,0064.jpg,full,11,231
129,input_0129.bin,0064.jpg,crop,20,237
130,input_0130.bin,0065.jpg,full,0,114
131,input_0131.bin,0065.jpg,crop,1,104
132,input_0132.bin,0066.jpg,full,4,163
133,input_0133.bin,0066.jpg,crop,4,250
134,input_0134.bin,0067.jpg,full,0,214
135,input_0135.bin,0067.jpg,crop,0,250
136,input_0136.bin,0068.jpg,full,0,172
137,input_0137.bin,0068.jpg,crop,0,248
138,input_0138.bin,0069.jpg,full,36,114
139,input_0139.bin,0069.jpg,crop,38,141
140,input_0140.bin,0070.jpg,full,4,213
141,input_0141.bin,0070.jpg,crop,4,181
142,input_0142.bin,0071.jpg,full,0,252
143,input_0143.bin,0071.jpg,crop,0,253
144,input_0144.bin,0072.jpg,full,2,192
145,input_0145.bin,0072.jpg,crop,5,212
146,input_0146.bin,0073.jpg,full,2,124
147,input_0147.bin,0073.jpg,crop,8,114
148,input_0148.bin,0074.jpg,full,16,255
149,input_0149.bin,0074.jpg,crop,28,92
150,input_0150.bin,0075.jpg,full,4,254
151,input_0151.bin,0075.jpg,crop,4,250
152,input_0152.bin,0076.jpg,full,0,114
153,input_0153.bin,0076.jpg,crop,65,116
154,input_0154.bin,0077.jpg,full,3,209
155,input_0155.bin,0077.jpg,crop,5,210
156,input_0156.bin,0078.jpg,full,0,179
157,input_0157.bin,0078.jpg,crop,1,114
158,input_0158.bin,0079.jpg,full,4,171
159,input_0159.bin,0079.jpg,crop,4,249
160,input_0160.bin,0080.jpg,full,4,204
161,input_0161.bin,0080.jpg,crop,114,195
162,input_0162.bin,0081.jpg,full,0,116
163,input_0163.bin,0081.jpg,crop,0,104
164,input_0164.bin,0082.jpg,full,0,121
165,input_0165.bin,0082.jpg,crop,86,114
166,input_0166.bin,0083.jpg,full,2,209
167,input_0167.bin,0083.jpg,crop,0,247
168,input_0168.bin,0084.jpg,full,0,247
169,input_0169.bin,0084.jpg,crop,0,127
170,input_0170.bin,0085.jpg,full,10,226
171,input_0171.bin,0085.jpg,crop,9,248
172,input_0172.bin,0086.jpg,full,4,226
173,input_0173.bin,0086.jpg,crop,4,185
174,input_0174.bin,0087.jpg,full,0,114
175,input_0175.bin,0087.jpg,crop,68,114
176,input_0176.bin,0088.jpg,full,4,254
177,input_0177.bin,0088.jpg,crop,4,247
178,input_0178.bin,0089.jpg,full,0,181
179,input_0179.bin,0089.jpg,crop,0,167
180,input_0180.bin,0090.jpg,full,1,229
181,input_0181.bin,0090.jpg,crop,4,114
182,input_0182.bin,0091.jpg,full,2,252
183,input_0183.bin,0091.jpg,crop,3,255
184,input_0184.bin,0092.jpg,full,0,173
185,input_0185.bin,0092.jpg,crop,3,253
186,input_0186.bin,0093.jpg,full,8,246
187,input_0187.bin,0093.jpg,crop,15,255
188,input_0188.bin,0094.jpg,full,8,249
189,input_0189.bin,0094.jpg,crop,8,86
190,input_0190.bin,0095.jpg,full,3,255
191,input_0191.bin,0095.jpg,crop,2,174
192,input_0192.bin,0096.jpg,full,0,114
193,input_0193.bin,0096.jpg,crop,0,217
194,input_0194.bin,0097.jpg,full,2,255
195,input_0195.bin,0097.jpg,crop,10,255
196,input_0196.bin,0098.jpg,full,0,177
197,input_0197.bin,0098.jpg,crop,0,230
198,input_0198.bin,0099.jpg,full,1,179
199,input_0199.bin,0099.jpg,crop,9,248
200,input_0200.bin,0100.jpg,full,4,231
201,input_0201.bin,0100.jpg,crop,13,203
202,input_0202.bin,0101.jpg,full,1,229
203,input_0203.bin,0101.jpg,crop,3,232
204,input_0204.bin,0102.jpg,full,0,246
205,input_0205.bin,0102.jpg,crop,0,225
206,input_0206.bin,0103.jpg,full,2,234
207,input_0207.bin,0103.jpg,crop,1,252
208,input_0208.bin,0104.jpg,full,0,114
209,input_0209.bin,0104.jpg,crop,4,123
210,input_0210.bin,0105.jpg,full,0,114
211,input_0211.bin,0105.jpg,crop,0,248
212,input_0212.bin,0106.jpg,full,28,255
213,input_0213.bin,0106.jpg,crop,24,255
214,input_0214.bin,0107.jpg,full,2,153
215,input_0215.bin,0107.jpg,crop,1,154
216,input_0216.bin,0108.jpg,full,4,159
217,input_0217.bin,0108.jpg,crop,12,180
218,input_0218.bin,0109.jpg,full,1,114
219,input_0219.bin,0109.jpg,crop,114,114
220,input_0220.bin,0110.jpg,full,0,201
221,input_0221.bin,0110.jpg,crop,2,229
222,input_0222.bin,0111.jpg,full,1,254
223,input_0223.bin,0111.jpg,crop,7,193
224,input_0224.bin,0112.jpg,full,0,234
225,input_0225.bin,0112.jpg,crop,0,194
226,input_0226.bin,0113.jpg,full,7,255
227,input_0227.bin,0113.jpg,crop,4,255
228,input_0228.bin,0114.jpg,full,0,254
229,input_0229.bin,0114.jpg,crop,0,252
230,input_0230.bin,0115.jpg,full,5,179
231,input_0231.bin,0115.jpg,crop,152,176
232,input_0232.bin,0116.jpg,full,4,114
233,input_0233.bin,0116.jpg,crop,8,114
234,input_0234.bin,0117.jpg,full,8,244
235,input_0235.bin,0117.jpg,crop,6,195
236,input_0236.bin,0118.jpg,full,0,114
237,input_0237.bin,0118.jpg,crop,4,114
238,input_0238.bin,0119.jpg,full,4,212
239,input_0239.bin,0119.jpg,crop,12,251
240,input_0240.bin,0120.jpg,full,36,114
241,input_0241.bin,0120.jpg,crop,38,143
242,input_0242.bin,0121.jpg,full,3,180
243,input_0243.bin,0121.jpg,crop,12,166
244,input_0244.bin,0122.jpg,full,3,132
245,input_0245.bin,0122.jpg,crop,2,112
246,input_0246.bin,0123.jpg,full,3,114
247,input_0247.bin,0123.jpg,crop,8,64
248,input_0248.bin,0124.jpg,full,3,185
249,input_0249.bin,0124.jpg,crop,2,254
250,input_0250.bin,0125.jpg,full,4,164
251,input_0251.bin,0125.jpg,crop,2,83
252,input_0252.bin,0126.jpg,full,1,231
253,input_0253.bin,0126.jpg,crop,0,189
254,input_0254.bin,0127.jpg,full,0,114
255,input_0255.bin,0127.jpg,crop,4,116
256,input_0256.bin,0128.jpg,full,0,139
257,input_0257.bin,0128.jpg,crop,0,133
258,input_0258.bin,0129.jpg,full,0,255
259,input_0259.bin,0129.jpg,crop,0,255
260,input_0260.bin,0130.jpg,full,4,168
261,input_0261.bin,0130.jpg,crop,4,177
262,input_0262.bin,0131.jpg,full,4,215
263,input_0263.bin,0131.jpg,crop,4,227
264,input_0264.bin,0132.jpg,full,0,254
265,input_0265.bin,0132.jpg,crop,0,133
266,input_0266.bin,0133.jpg,full,24,255
267,input_0267.bin,0133.jpg,crop,28,255
268,input_0268.bin,0134.jpg,full,0,247
269,input_0269.bin,0134.jpg,crop,0,253
270,input_0270.bin,0135.jpg,full,4,216
271,input_0271.bin,0135.jpg,crop,25,239
272,input_0272.bin,0136.jpg,full,16,255
273,input_0273.bin,0136.jpg,crop,27,255
274,input_0274.bin,0137.jpg,full,2,231
275,input_0275.bin,0137.jpg,crop,0,241
276,input_0276.bin,0138.jpg,full,4,135
277,input_0277.bin,0138.jpg,crop,6,232
278,input_0278.bin,0139.jpg,full,2,128
279,input_0279.bin,0139.jpg,crop,0,128
280,input_0280.bin,0140.jpg,full,0,114
281,input_0281.bin,0140.jpg,crop,0,114
282,input_0282.bin,0141.jpg,full,30,236
283,input_0283.bin,0141.jpg,crop,29,249
284,input_0284.bin,0142.jpg,full,12,203
285,input_0285.bin,0142.jpg,crop,12,114
286,input_0286.bin,0143.jpg,full,0,156
287,input_0287.bin,0143.jpg,crop,0,144
288,input_0288.bin,0144.jpg,full,0,114
289,input_0289.bin,0144.jpg,crop,3,86
290,input_0290.bin,0145.jpg,full,4,159
291,input_0291.bin,0145.jpg,crop,8,160
292,input_0292.bin,0146.jpg,full,15,207
293,input_0293.bin,0146.jpg,crop,17,179
294,input_0294.bin,0147.jpg,full,11,250
295,input_0295.bin,0147.jpg,crop,22,124
296,input_0296.bin,0148.jpg,full,13,179
297,input_0297.bin,0148.jpg,crop,15,244
298,input_0298.bin,0149.jpg,full,7,170
299,input_0299.bin,0149.jpg,crop,124,157
300,input_0300.bin,0150.jpg,full,5,125
301,input_0301.bin,0150.jpg,crop,4,243
302,input_0302.bin,0151.jpg,full,4,198
303,input_0303.bin,0151.jpg,crop,12,253
304,input_0304.bin,0152.jpg,full,4,198
305,input_0305.bin,0152.jpg,crop,4,210
306,input_0306.bin,0153.jpg,full,3,228
307,input_0307.bin,0153.jpg,crop,3,128
308,input_0308.bin,0154.jpg,full,0,255
309,input_0309.bin,0154.jpg,crop,0,234
310,input_0310.bin,0155.jpg,full,0,114
311,input_0311.bin,0155.jpg,crop,0,203
312,input_0312.bin,0156.jpg,full,2,125
313,input_0313.bin,0156.jpg,crop,1,128
314,input_0314.bin,0157.jpg,full,0,222
315,input_0315.bin,0157.jpg,crop,1,247
316,input_0316.bin,0158.jpg,full,0,114
317,input_0317.bin,0158.jpg,crop,0,101
318,input_0318.bin,0159.jpg,full,0,190
319,input_0319.bin,0159.jpg,crop,0,114
320,input_0320.bin,0160.jpg,full,0,128
321,input_0321.bin,0160.jpg,crop,0,126
322,input_0322.bin,0161.jpg,full,6,252
323,input_0323.bin,0161.jpg,crop,64,233
324,input_0324.bin,0162.jpg,full,1,236
325,input_0325.bin,0162.jpg,crop,11,244
326,input_0326.bin,0163.jpg,full,2,127
327,input_0327.bin,0163.jpg,crop,0,122
328,input_0328.bin,0164.jpg,full,2,239
329,input_0329.bin,0164.jpg,crop,2,133
330,input_0330.bin,0165.jpg,full,0,177
331,input_0331.bin,0165.jpg,crop,114,123
332,input_0332.bin,0166.jpg,full,1,212
333,input_0333.bin,0166.jpg,crop,0,205
334,input_0334.bin,0167.jpg,full,2,207
335,input_0335.bin,0167.jpg,crop,154,246
336,input_0336.bin,0168.jpg,full,2,194
337,input_0337.bin,0168.jpg,crop,72,81
338,input_0338.bin,0169.jpg,full,0,114
339,input_0339.bin,0169.jpg,crop,0,236
340,input_0340.bin,0170.jpg,full,0,225
341,input_0341.bin,0170.jpg,crop,0,114
342,input_0342.bin,0171.jpg,full,7,155
343,input_0343.bin,0171.jpg,crop,50,122
344,input_0344.bin,0172.jpg,full,0,228
345,input_0345.bin,0172.jpg,crop,0,228
346,input_0346.bin,0173.jpg,full,4,134
347,input_0347.bin,0173.jpg,crop,3,185
348,input_0348.bin,0174.jpg,full,4,229
349,input_0349.bin,0174.jpg,crop,7,236
350,input_0350.bin,0175.jpg,full,2,231
351,input_0351.bin,0175.jpg,crop,0,91
352,input_0352.bin,0176.jpg,full,0,114
353,input_0353.bin,0176.jpg,crop,1,116
354,input_0354.bin,0177.jpg,full,16,254
355,input_0355.bin,0177.jpg,crop,15,216
356,input_0356.bin,0178.jpg,full,8,201
357,input_0357.bin,0178.jpg,crop,20,220
358,input_0358.bin,0179.jpg,full,17,114
359,input_0359.bin,0179.jpg,crop,20,37
360,input_0360.bin,0180.jpg,full,30,255
361,input_0361.bin,0180.jpg,crop,114,114
362,input_0362.bin,0181.jpg,full,12,235
363,input_0363.bin,0181.jpg,crop,15,128
364,input_0364.bin,0182.jpg,full,11,181
365,input_0365.bin,0182.jpg,crop,12,227
366,input_0366.bin,0183.jpg,full,7,252
367,input_0367.bin,0183.jpg,crop,12,234
368,input_0368.bin,0184.jpg,full,7,253
369,input_0369.bin,0184.jpg,crop,10,227
370,input_0370.bin,0185.jpg,full,7,199
371,input_0371.bin,0185.jpg,crop,6,173
372,input_0372.bin,0186.jpg,full,4,138
373,input_0373.bin,0186.jpg,crop,36,110
374,input_0374.bin,0187.jpg,full,4,228
375,input_0375.bin,0187.jpg,crop,3,214
376,input_0376.bin,0188.jpg,full,8,254
377,input_0377.bin,0188.jpg,crop,5,114
378,input_0378.bin,0189.jpg,full,4,241
379,input_0379.bin,0189.jpg,crop,6,254
380,input_0380.bin,0190.jpg,full,0,243
381,input_0381.bin,0190.jpg,crop,0,201
382,input_0382.bin,0191.jpg,full,0,223
383,input_0383.bin,0191.jpg,crop,1,212
384,input_0384.bin,0192.jpg,full,1,235
385,input_0385.bin,0192.jpg,crop,3,254
386,input_0386.bin,0193.jpg,full,0,211
387,input_0387.bin,0193.jpg,crop,0,219
388,input_0388.bin,0194.jpg,full,4,169
389,input_0389.bin,0194.jpg,crop,12,140
390,input_0390.bin,0195.jpg,full,0,114
391,input_0391.bin,0195.jpg,crop,0,175
392,input_0392.bin,0196.jpg,full,2,229
393,input_0393.bin,0196.jpg,crop,0,244
394,input_0394.bin,0197.jpg,full,4,252
395,input_0395.bin,0197.jpg,crop,7,233
396,input_0396.bin,0198.jpg,full,0,254
397,input_0397.bin,0198.jpg,crop,0,238
398,input_0398.bin,0199.jpg,full,4,161
399,input_0399.bin,0199.jpg,crop,114,114
