index,bin,src_image,orig_w,orig_h,brightness,scale,pad_l,pad_t
0,image_0000.bin,0002.jpg,640,384,13.82,1.0,0,0
1,image_0001.bin,0005.jpg,1920,1080,38.96,0.3333,0,0
2,image_0002.bin,0008.jpg,1280,768,77.57,0.5,0,0
3,image_0003.bin,0011.jpg,1431,1547,84.96,0.4472,0,0
4,image_0004.bin,0028.jpg,640,384,162.01,1.0,0,0
5,image_0005.bin,0049.jpg,640,384,27.48,1.0,0,0
6,image_0006.bin,0056.jpg,640,384,30.68,1.0,0,0
7,image_0007.bin,0086.jpg,640,384,61.31,1.0,0,0
8,image_0008.bin,0097.jpg,568,712,92.58,1.1268,0,0
9,image_0009.bin,0107.jpg,640,384,24.52,1.0,0,0
10,image_0010.bin,0120.jpg,640,384,44.29,1.0,0,0
11,image_0011.bin,0142.jpg,1280,768,78.64,0.5,0,0
12,image_0012.bin,0177.jpg,1969,1963,61.27,0.325,0,0
13,image_0013.bin,0188.jpg,640,384,87.42,1.0,0,0
14,image_0014.bin,0198.jpg,640,384,46.34,1.0,0,0
15,image_0015.bin,0229.jpg,1170,1004,71.99,0.547,0,0
16,image_0016.bin,0234.jpg,1920,1080,39.26,0.3333,0,0
17,image_0017.bin,0237.jpg,640,384,5.75,1.0,0,0
18,image_0018.bin,0273.jpg,640,384,58.83,1.0,0,0
19,image_0019.bin,0274.jpg,720,432,19.13,0.8889,0,0
20,image_0020.bin,0285.jpg,640,384,45.88,1.0,0,0
21,image_0021.bin,0313.jpg,640,480,43.14,1.0,0,0
22,image_0022.bin,0330.jpg,1920,1080,68.1,0.3333,0,0
23,image_0023.bin,0351.jpg,537,674,92.59,1.1918,0,0
24,image_0024.bin,0371.jpg,1280,768,45.68,0.5,0,0
25,image_0025.bin,0392.jpg,1578,1571,70.82,0.4056,0,0
26,image_0026.bin,0395.jpg,640,384,6.0,1.0,0,0
27,image_0027.bin,0410.jpg,1920,1080,28.65,0.3333,0,0
28,image_0028.bin,0435.jpg,1920,1080,72.97,0.3333,0,0
29,image_0029.bin,0437.jpg,640,384,47.27,1.0,0,0
30,image_0030.bin,0473.jpg,640,384,42.18,1.0,0,0
31,image_0031.bin,0490.jpg,2000,1738,56.24,0.32,0,0
32,image_0032.bin,0502.jpg,1183,1124,124.02,0.541,0,0
33,image_0033.bin,0514.jpg,640,480,10.16,1.0,0,0
34,image_0034.bin,0522.jpg,1057,1116,96.06,0.6055,0,0
35,image_0035.bin,0549.jpg,640,384,68.16,1.0,0,0
36,image_0036.bin,0561.jpg,640,384,188.8,1.0,0,0
37,image_0037.bin,0568.jpg,1920,1080,36.86,0.3333,0,0
38,image_0038.bin,0611.jpg,1280,768,71.86,0.5,0,0
39,image_0039.bin,0630.jpg,640,384,80.04,1.0,0,0
40,image_0040.bin,0640.jpg,640,384,44.72,1.0,0,0
41,image_0041.bin,0653.jpg,640,384,57.02,1.0,0,0
42,image_0042.bin,0679.jpg,640,384,23.32,1.0,0,0
43,image_0043.bin,0694.jpg,1920,1080,76.76,0.3333,0,0
44,image_0044.bin,0717.jpg,1920,1080,48.89,0.3333,0,0
45,image_0045.bin,0749.jpg,720,432,56.74,0.8889,0,0
46,image_0046.bin,0750.jpg,2000,1773,107.78,0.32,0,0
47,image_0047.bin,0769.jpg,640,384,6.3,1.0,0,0
48,image_0048.bin,0772.jpg,640,384,28.94,1.0,0,0
49,image_0049.bin,0783.jpg,640,384,36.06,1.0,0,0
50,image_0050.bin,0813.jpg,640,384,83.27,1.0,0,0
51,image_0051.bin,0815.jpg,1280,768,63.77,0.5,0,0
52,image_0052.bin,0842.jpg,640,480,17.64,1.0,0,0
53,image_0053.bin,0850.jpg,408,398,57.4,1.5686,0,0
54,image_0054.bin,0874.jpg,640,384,133.67,1.0,0,0
55,image_0055.bin,0883.jpg,1475,1934,57.1,0.4339,0,0
56,image_0056.bin,0899.jpg,640,384,34.92,1.0,0,0
57,image_0057.bin,0941.jpg,640,384,61.67,1.0,0,0
58,image_0058.bin,0949.jpg,640,384,39.81,1.0,0,0
59,image_0059.bin,0966.jpg,640,384,82.14,1.0,0,0
60,image_0060.bin,0986.jpg,640,384,10.29,1.0,0,0
61,image_0061.bin,0996.jpg,640,384,62.2,1.0,0,0
62,image_0062.bin,1012.jpg,1993,1489,36.18,0.3211,0,0
63,image_0063.bin,1047.jpg,640,384,65.36,1.0,0,0
64,image_0064.bin,1075.jpg,2000,1909,88.85,0.32,0,0
65,image_0065.bin,1076.jpg,640,384,25.14,1.0,0,0
66,image_0066.bin,1092.jpg,720,432,42.28,0.8889,0,0
67,image_0067.bin,1096.jpg,1440,1102,73.98,0.4444,0,0
68,image_0068.bin,1149.jpg,640,384,56.5,1.0,0,0
69,image_0069.bin,1163.jpg,1280,1024,46.43,0.5,0,0
70,image_0070.bin,1172.jpg,640,384,85.53,1.0,0,0
71,image_0071.bin,1193.jpg,907,925,68.32,0.7056,0,0
72,image_0072.bin,1225.jpg,640,384,54.87,1.0,0,0
73,image_0073.bin,1232.jpg,720,432,30.44,0.8889,0,0
74,image_0074.bin,1267.jpg,640,384,121.03,1.0,0,0
75,image_0075.bin,1270.jpg,1462,2000,78.18,0.4378,0,0
76,image_0076.bin,1289.jpg,640,384,36.88,1.0,0,0
77,image_0077.bin,1293.jpg,640,384,89.59,1.0,0,0
78,image_0078.bin,1311.jpg,640,384,8.79,1.0,0,0
79,image_0079.bin,1330.jpg,720,432,31.79,0.8889,0,0
80,image_0080.bin,1347.jpg,640,384,78.36,1.0,0,0
81,image_0081.bin,1382.jpg,640,384,57.42,1.0,0,0
82,image_0082.bin,1391.jpg,640,384,46.88,1.0,0,0
83,image_0083.bin,1407.jpg,640,384,81.56,1.0,0,0
84,image_0084.bin,1420.jpg,1990,1469,32.51,0.3216,0,0
85,image_0085.bin,1445.jpg,640,384,29.63,1.0,0,0
86,image_0086.bin,1459.jpg,1447,2000,63.2,0.4423,0,0
87,image_0087.bin,1468.jpg,1920,1080,41.69,0.3333,0,0
88,image_0088.bin,1491.jpg,735,747,97.08,0.8707,0,0
89,image_0089.bin,1519.jpg,640,384,53.33,1.0,0,0
90,image_0090.bin,1534.jpg,656,662,43.5,0.9756,0,0
91,image_0091.bin,1552.jpg,640,384,59.2,1.0,0,0
92,image_0092.bin,1574.jpg,832,916,44.05,0.7692,0,0
93,image_0093.bin,1575.jpg,719,690,91.03,0.8901,0,0
94,image_0094.bin,1588.jpg,640,384,21.98,1.0,0,0
95,image_0095.bin,1621.jpg,1584,1028,64.58,0.404,0,0
96,image_0096.bin,1632.jpg,640,384,6.01,1.0,0,0
97,image_0097.bin,1653.jpg,901,1615,85.58,0.7103,0,0
98,image_0098.bin,1676.jpg,640,384,44.77,1.0,0,0
99,image_0099.bin,1678.jpg,640,384,73.51,1.0,0,0
100,image_0100.bin,1728.jpg,2000,1858,61.39,0.32,0,0
101,image_0101.bin,1768.jpg,640,384,110.2,1.0,0,0
102,image_0102.bin,1776.jpg,640,384,30.28,1.0,0,0
103,image_0103.bin,1786.jpg,953,769,79.62,0.6716,0,0
104,image_0104.bin,1809.jpg,1920,1080,39.1,0.3333,0,0
105,image_0105.bin,1818.jpg,640,384,8.04,1.0,0,0
106,image_0106.bin,1838.jpg,640,384,168.21,1.0,0,0
107,image_0107.bin,1846.jpg,640,384,57.98,1.0,0,0
108,image_0108.bin,1876.jpg,1280,768,88.51,0.5,0,0
109,image_0109.bin,1894.jpg,640,384,43.26,1.0,0,0
110,image_0110.bin,1895.jpg,640,384,76.03,1.0,0,0
111,image_0111.bin,1939.jpg,640,384,71.63,1.0,0,0
112,image_0112.bin,1950.jpg,1012,2000,28.91,0.6324,0,0
113,image_0113.bin,1952.jpg,640,384,87.88,1.0,0,0
114,image_0114.bin,1961.jpg,640,384,32.32,1.0,0,0
115,image_0115.bin,1992.jpg,640,384,64.57,1.0,0,0
116,image_0116.bin,2010.jpg,1920,1080,37.73,0.3333,0,0
117,image_0117.bin,2049.jpg,1291,1665,82.07,0.4957,0,0
118,image_0118.bin,2060.jpg,1280,1024,7.26,0.5,0,0
119,image_0119.bin,2064.jpg,1280,768,50.08,0.5,0,0
120,image_0120.bin,2083.jpg,1280,1024,46.47,0.5,0,0
121,image_0121.bin,2109.jpg,640,384,65.02,1.0,0,0
122,image_0122.bin,2118.jpg,552,569,21.92,1.1594,0,0
123,image_0123.bin,2142.jpg,1920,1080,38.76,0.3333,0,0
124,image_0124.bin,2159.jpg,640,384,80.54,1.0,0,0
125,image_0125.bin,2179.jpg,640,384,62.91,1.0,0,0
126,image_0126.bin,2232.jpg,877,1649,85.9,0.7298,0,0
127,image_0127.bin,2234.jpg,1920,1080,37.72,0.3333,0,0
128,image_0128.bin,2242.jpg,640,384,3.09,1.0,0,0
129,image_0129.bin,2256.jpg,1625,1378,65.51,0.3938,0,0
130,image_0130.bin,2295.jpg,1920,1080,68.11,0.3333,0,0
131,image_0131.bin,2336.jpg,640,384,71.15,1.0,0,0
132,image_0132.bin,2337.jpg,1782,2000,42.65,0.3591,0,0
133,image_0133.bin,2347.jpg,840,991,91.2,0.7619,0,0
134,image_0134.bin,2366.jpg,869,637,36.32,0.7365,0,0
135,image_0135.bin,2386.jpg,1920,1080,75.75,0.3333,0,0
136,image_0136.bin,2409.jpg,640,384,137.41,1.0,0,0
137,image_0137.bin,2433.jpg,1951,1956,53.75,0.328,0,0
138,image_0138.bin,2446.jpg,720,432,28.87,0.8889,0,0
139,image_0139.bin,2452.jpg,640,384,40.26,1.0,0,0
140,image_0140.bin,2468.jpg,720,432,13.71,0.8889,0,0
141,image_0141.bin,2473.jpg,503,581,96.18,1.2724,0,0
142,image_0142.bin,2494.jpg,640,384,58.76,1.0,0,0
143,image_0143.bin,2503.jpg,640,384,35.96,1.0,0,0
144,image_0144.bin,2546.jpg,640,384,38.85,1.0,0,0
145,image_0145.bin,2563.jpg,1280,768,64.85,0.5,0,0
146,image_0146.bin,2596.jpg,691,786,58.31,0.9262,0,0
147,image_0147.bin,2601.jpg,640,480,81.15,1.0,0,0
148,image_0148.bin,2640.jpg,640,384,44.77,1.0,0,0
149,image_0149.bin,2654.jpg,1920,1080,77.84,0.3333,0,0
150,image_0150.bin,2675.jpg,640,384,21.58,1.0,0,0
151,image_0151.bin,2692.jpg,1280,768,49.29,0.5,0,0
152,image_0152.bin,2698.jpg,1280,768,55.74,0.5,0,0
153,image_0153.bin,2712.jpg,640,384,108.08,1.0,0,0
154,image_0154.bin,2725.jpg,640,384,24.35,1.0,0,0
155,image_0155.bin,2742.jpg,640,384,8.98,1.0,0,0
156,image_0156.bin,2755.jpg,640,384,32.77,1.0,0,0
157,image_0157.bin,2765.jpg,1734,1194,62.85,0.3691,0,0
158,image_0158.bin,2770.jpg,640,384,29.24,1.0,0,0
159,image_0159.bin,2793.jpg,640,384,83.2,1.0,0,0
160,image_0160.bin,2827.jpg,640,384,31.13,1.0,0,0
161,image_0161.bin,2831.jpg,1280,768,74.38,0.5,0,0
162,image_0162.bin,2877.jpg,777,1028,99.9,0.8237,0,0
163,image_0163.bin,2885.jpg,640,384,42.35,1.0,0,0
164,image_0164.bin,2905.jpg,640,384,77.11,1.0,0,0
165,image_0165.bin,2934.jpg,640,384,48.76,1.0,0,0
166,image_0166.bin,2960.jpg,484,663,97.05,1.3223,0,0
167,image_0167.bin,2962.jpg,640,384,130.52,1.0,0,0
168,image_0168.bin,2994.jpg,640,384,56.55,1.0,0,0
169,image_0169.bin,3000.jpg,640,384,7.87,1.0,0,0
170,image_0170.bin,3020.jpg,640,384,49.91,1.0,0,0
171,image_0171.bin,3037.jpg,1280,768,92.13,0.5,0,0
172,image_0172.bin,3046.jpg,1189,2000,57.94,0.5383,0,0
173,image_0173.bin,3051.jpg,720,432,29.95,0.8889,0,0
174,image_0174.bin,3059.jpg,1357,1411,41.24,0.4716,0,0
175,image_0175.bin,3095.jpg,640,384,61.33,1.0,0,0
176,image_0176.bin,3133.jpg,640,384,36.15,1.0,0,0
177,image_0177.bin,3136.jpg,1531,1225,102.58,0.418,0,0
178,image_0178.bin,3162.jpg,720,432,61.44,0.8889,0,0
179,image_0179.bin,3191.jpg,1280,1024,22.85,0.5,0,0
180,image_0180.bin,3194.jpg,640,384,206.17,1.0,0,0
181,image_0181.bin,3201.jpg,640,384,60.84,1.0,0,0
182,image_0182.bin,3202.jpg,1920,1080,48.79,0.3333,0,0
183,image_0183.bin,3244.jpg,1280,768,75.83,0.5,0,0
184,image_0184.bin,3248.jpg,640,384,98.83,1.0,0,0
185,image_0185.bin,3302.jpg,366,545,32.36,1.7486,0,0
186,image_0186.bin,3307.jpg,720,432,59.72,0.8889,0,0
187,image_0187.bin,3326.jpg,566,556,108.07,1.1307,0,0
188,image_0188.bin,3352.jpg,640,384,26.93,1.0,0,0
189,image_0189.bin,3359.jpg,1281,1644,62.77,0.4996,0,0
190,image_0190.bin,3400.jpg,640,384,44.91,1.0,0,0
191,image_0191.bin,3414.jpg,1652,1444,91.18,0.3874,0,0
192,image_0192.bin,3427.jpg,909,718,64.29,0.7041,0,0
193,image_0193.bin,3431.jpg,525,497,21.56,1.219,0,0
194,image_0194.bin,3459.jpg,720,432,42.65,0.8889,0,0
195,image_0195.bin,3467.jpg,640,384,5.57,1.0,0,0
196,image_0196.bin,3468.jpg,640,384,128.57,1.0,0,0
197,image_0197.bin,3495.jpg,1219,1118,75.65,0.525,0,0
198,image_0198.bin,3501.jpg,1172,969,49.76,0.5461,0,0
199,image_0199.bin,3502.jpg,1920,1080,86.55,0.3333,0,0
